source,url,date,rating,text
app_store,https://itunes.apple.com/us/rss/customerreviews/id=1451094657/sortBy=mostRecent/json#review-14642757534,2026-10-08,1,Used to be great! — Automatic App upgrades have made it not sync or as easily navigated as before.
app_store,https://itunes.apple.com/us/rss/customerreviews/id=1451094657/sortBy=mostRecent/json#review-14638729964,2026-10-07,2,Super slow app — You don’t have title for appointment only name and last name
app_store,https://itunes.apple.com/us/rss/customerreviews/id=1451094657/sortBy=mostRecent/json#review-14632203081,2026-10-05,4,Needs improvement — The app does not refresh on its own when the calendar changes.
app_store,https://itunes.apple.com/us/rss/customerreviews/id=1451094657/sortBy=mostRecent/json#review-14622024907,2026-10-03,1,The app sucks — the app has an issue where it simply will not save the changes.
app_store,https://itunes.apple.com/us/rss/customerreviews/id=1451094657/sortBy=mostRecent/json#review-14611975449,2026-09-30,1,It’s okay — I book lessons once a month and have to stop in the middle of scheduling because of “recaptcha.”
app_store,https://itunes.apple.com/us/rss/customerreviews/id=1451094657/sortBy=mostRecent/json#review-14601931238,2026-09-27,5,Great app — AI powered
app_store,https://itunes.apple.com/us/rss/customerreviews/id=1451094657/sortBy=mostRecent/json#review-14596047389,2026-09-26,1,"Thoroughly garbage, unintuitive interface — Events that are in your Google Calendar plain as day, will fail to appear in Calendly and vice versa."
app_store,https://itunes.apple.com/us/rss/customerreviews/id=1451094657/sortBy=mostRecent/json#review-14593373655,2026-09-25,5,Excelente — Amo el app. Muy útil para coordinar y recordar
app_store,https://itunes.apple.com/us/rss/customerreviews/id=1451094657/sortBy=mostRecent/json#review-14589292561,2026-09-24,4,Great with 1 exception — Not easy to make a 1 off meeting.
app_store,https://itunes.apple.com/us/rss/customerreviews/id=1451094657/sortBy=mostRecent/json#review-14568847362,2026-09-19,5,Great App — This has been great to schedule and maintain meetings.
app_store,https://itunes.apple.com/us/rss/customerreviews/id=1451094657/sortBy=mostRecent/json#review-14565180806,2026-09-18,5,My go to business builder — Only scheduling app I’ve used since starting my business in 2020..
app_store,https://itunes.apple.com/us/rss/customerreviews/id=1451094657/sortBy=mostRecent/json#review-14557933833,2026-09-16,5,Get this tool — I highly recommend this tool.
app_store,https://itunes.apple.com/us/rss/customerreviews/id=1451094657/sortBy=mostRecent/json#review-14542800789,2026-09-12,2,Worse with every update — Successive updates make it harder to block off time you’re unavailable.
app_store,https://itunes.apple.com/us/rss/customerreviews/id=1451094657/sortBy=mostRecent/json#review-14535470961,2026-09-10,5,Money — So sick
app_store,https://itunes.apple.com/us/rss/customerreviews/id=1451094657/sortBy=mostRecent/json#review-14513854136,2026-09-05,5,Love it but… — I do not want a price increase for all these new AI features I did not ask for or want.
app_store,https://itunes.apple.com/us/rss/customerreviews/id=1451094657/sortBy=mostRecent/json#review-14499663981,2026-09-01,5,Makes scheduled so easy! — I love setting my availability and sending off links for people to schedule themselves!
app_store,https://itunes.apple.com/us/rss/customerreviews/id=1451094657/sortBy=mostRecent/json#review-14496116971,2026-08-31,3,Your loosing the theme — Why change the app so I need extra clicks to get to a shareable link?
app_store,https://itunes.apple.com/us/rss/customerreviews/id=1451094657/sortBy=mostRecent/json#review-14483242085,2026-08-28,1,Too sensitive — I had to try multiple times in order to have my hours available without merging with other ones
app_store,https://itunes.apple.com/us/rss/customerreviews/id=1451094657/sortBy=mostRecent/json#review-14483134325,2026-08-28,1,Going down hill — The Google Calendar sync as of two updates ago sometimes takes days for it to sync and show up.
app_store,https://itunes.apple.com/us/rss/customerreviews/id=1451094657/sortBy=mostRecent/json#review-14474353830,2026-08-26,5,I love this app — It is my favorite app on my phone for my small business.
app_store,https://itunes.apple.com/us/rss/customerreviews/id=1451094657/sortBy=mostRecent/json#review-14470349754,2026-08-25,1,new app is buggy — The updated version of what was once a great app is not great.
app_store,https://itunes.apple.com/us/rss/customerreviews/id=1451094657/sortBy=mostRecent/json#review-14443671960,2026-08-18,3,Nope to new changes — I hate that I can’t change the wording now from my Microsoft calendar.
app_store,https://itunes.apple.com/us/rss/customerreviews/id=1451094657/sortBy=mostRecent/json#review-14435944361,2026-08-16,1,"No help — No recurring appointment option, flags you when you try to book a recurring"
app_store,https://itunes.apple.com/us/rss/customerreviews/id=1451094657/sortBy=mostRecent/json#review-14432590421,2026-08-15,3,"Challenging — Bottom line, Calendly it's hard to use but everything else I've tried is even worse."
app_store,https://itunes.apple.com/us/rss/customerreviews/id=1451094657/sortBy=mostRecent/json#review-14411817690,2026-08-10,2,Update is not great — They just vibe coded the most recent update and the UI sucks.
app_store,https://itunes.apple.com/us/rss/customerreviews/id=1451094657/sortBy=mostRecent/json#review-14404144450,2026-08-08,5,"This has been the best — I run a personal growth and love coaching business, and this app has been the absolute best."
app_store,https://itunes.apple.com/us/rss/customerreviews/id=1451094657/sortBy=mostRecent/json#review-14399137051,2026-08-07,3,Manage Availability — I can’t find a way to change availability for a meeting type in the mobile app.
app_store,https://itunes.apple.com/us/rss/customerreviews/id=1451094657/sortBy=mostRecent/json#review-14388456097,2026-08-04,2,iPad — There are bugs. That don’t allow keyboard to appear at login for iPad mini
app_store,https://itunes.apple.com/us/rss/customerreviews/id=1451094657/sortBy=mostRecent/json#review-14360335745,2026-07-28,5,Simply indispensable — I can’t live without Calendly.
app_store,https://itunes.apple.com/us/rss/customerreviews/id=1451094657/sortBy=mostRecent/json#review-14359013879,2026-07-28,1,Terrible Mobile App — Even canceled appointment still show on the calendar.
app_store,https://itunes.apple.com/us/rss/customerreviews/id=1451094657/sortBy=mostRecent/json#review-14356114191,2026-07-27,5,"Good work calendly — Makes everything so streamlined, couldn’t ask for anything better"
app_store,https://itunes.apple.com/us/rss/customerreviews/id=1451094657/sortBy=mostRecent/json#review-14315480464,2026-07-17,3,Create Availability — Not as user-friendly in regards to creating availability creating multiple availability props
app_store,https://itunes.apple.com/us/rss/customerreviews/id=1451094657/sortBy=mostRecent/json#review-14304152598,2026-07-14,1,"Inconsistent — Using the Calendly app and using the web client is like using two different platforms,"
app_store,https://itunes.apple.com/us/rss/customerreviews/id=1451094657/sortBy=mostRecent/json#review-14282658243,2026-07-09,5,Private Coach — It does make my life easier and my clients has no issues with it
app_store,https://itunes.apple.com/us/rss/customerreviews/id=1451094657/sortBy=mostRecent/json#review-14267501520,2026-07-05,5,Organized — Love this app! Keeps me organized.
app_store,https://itunes.apple.com/us/rss/customerreviews/id=1451094657/sortBy=mostRecent/json#review-14251846674,2026-07-01,4,Easy scheduling — Wish it was easier/automated to book follow-ups & a public place to leave reviews for future customers
app_store,https://itunes.apple.com/us/rss/customerreviews/id=1451094657/sortBy=mostRecent/json#review-14241971189,2026-06-29,5,CALENDLY — Amazing product
app_store,https://itunes.apple.com/us/rss/customerreviews/id=1451094657/sortBy=mostRecent/json#review-14225043323,2026-06-25,5,"Easy to Use and Customize — It’s easy to use, and I appreciate the ability to automate follow up messaging and reminders."
app_store,https://itunes.apple.com/us/rss/customerreviews/id=1451094657/sortBy=mostRecent/json#review-14188053466,2026-06-15,4,"Getting better with time — More kinks to work out, but getting easier and better user friendly over time."
app_store,https://itunes.apple.com/us/rss/customerreviews/id=1451094657/sortBy=mostRecent/json#review-14171442460,2026-06-11,1,Glitching — it reverts back to the schedule of Monday through Friday nine to five.
app_store,https://itunes.apple.com/us/rss/customerreviews/id=1451094657/sortBy=mostRecent/json#review-14167641502,2026-06-10,1,They changed the whole interface and I can’t find my events now — Wtf
app_store,https://itunes.apple.com/us/rss/customerreviews/id=1451094657/sortBy=mostRecent/json#review-14163034500,2026-06-09,5,Excellent app — I’ve been using Calendly for years and I watched it grow into the platform that it is now
app_store,https://itunes.apple.com/us/rss/customerreviews/id=1451094657/sortBy=mostRecent/json#review-14149139058,2026-06-05,5,Awesome App — I use it every day for my PastorTomCounseling.combusiness.
app_store,https://itunes.apple.com/us/rss/customerreviews/id=1451094657/sortBy=mostRecent/json#review-14140419849,2026-06-03,1,Want to love but cant — I keep missing meetings bc calendly wont schedule to ical.
app_store,https://itunes.apple.com/us/rss/customerreviews/id=1451094657/sortBy=mostRecent/json#review-14134585899,2026-06-02,5,Excellent tool if you learn all the features — Really a powerful tool if you want it to be
app_store,https://itunes.apple.com/us/rss/customerreviews/id=1451094657/sortBy=mostRecent/json#review-14090352029,2026-05-21,2,No iCloud integration — Make zero sense why they would remove this feature.
app_store,https://itunes.apple.com/us/rss/customerreviews/id=1451094657/sortBy=mostRecent/json#review-14089875921,2026-05-21,5,I love it — I love it
app_store,https://itunes.apple.com/us/rss/customerreviews/id=1451094657/sortBy=mostRecent/json#review-14087308120,2026-05-20,5,Excelente — Excelente aplicación. La Recomiendo al 100%
app_store,https://itunes.apple.com/us/rss/customerreviews/id=1451094657/sortBy=mostRecent/json#review-14063939629,2026-05-14,5,Efficient — Great app supports our busy agenda
app_store,https://itunes.apple.com/us/rss/customerreviews/id=1451094657/sortBy=mostRecent/json#review-14045895933,2026-05-09,5,Fluid — More streamlined and organized than other similar apps.
app_store,https://itunes.apple.com/us/rss/customerreviews/id=1451094657/sortBy=mostRecent/json#review-14035506414,2026-05-06,5,App — Love!
app_store,https://itunes.apple.com/us/rss/customerreviews/id=1451094657/sortBy=mostRecent/json#review-14009053484,2026-04-29,5,5 star app if you’re a coach — The upgrades are always top tier here
app_store,https://itunes.apple.com/us/rss/customerreviews/id=1451094657/sortBy=mostRecent/json#review-13978405853,2026-04-20,5,Not as user-friendly — It’s not user-friendly.
app_store,https://itunes.apple.com/us/rss/customerreviews/id=1451094657/sortBy=mostRecent/json#review-13967902830,2026-04-17,5,Envy Me — Great app and practical
app_store,https://itunes.apple.com/us/rss/customerreviews/id=1451094657/sortBy=mostRecent/json#review-13960569945,2026-04-15,5,Easy to use… simplified — User friendly.. better than Google Calendar
app_store,https://itunes.apple.com/us/rss/customerreviews/id=1451094657/sortBy=mostRecent/json#review-13916589725,2026-04-02,1,Extremely complicated to setup — Extremely complicated to setup
app_store,https://itunes.apple.com/us/rss/customerreviews/id=1451094657/sortBy=mostRecent/json#review-13907826447,2026-03-31,5,Awesome Application — I love this App have used it for years.
app_store,https://itunes.apple.com/us/rss/customerreviews/id=1451094657/sortBy=mostRecent/json#review-13904692071,2026-03-30,5,Dope — Professional
app_store,https://itunes.apple.com/us/rss/customerreviews/id=1451094657/sortBy=mostRecent/json#review-13892457581,2026-03-27,5,Intuitive — This app has been a game changer for me in managing my schedule
app_store,https://itunes.apple.com/us/rss/customerreviews/id=1451094657/sortBy=mostRecent/json#review-13889065798,2026-03-26,1,Issues — No real support whatsoever.
app_store,https://itunes.apple.com/us/rss/customerreviews/id=1451094657/sortBy=mostRecent/json#review-13875165027,2026-03-22,1,No longer supporting iOS — it’s no longer supporting iOS Calendar.
app_store,https://itunes.apple.com/us/rss/customerreviews/id=1451094657/sortBy=mostRecent/json#review-13870396201,2026-03-20,5,Almost Perfect…! — Whole app needs Dark Mode to take it to the next level.
app_store,https://itunes.apple.com/us/rss/customerreviews/id=1451094657/sortBy=mostRecent/json#review-13865142831,2026-03-19,3,"Login issues — Can’t login to the app, keeps me on an infinite loop logging me in briefly and then logging me out"
app_store,https://itunes.apple.com/us/rss/customerreviews/id=1451094657/sortBy=mostRecent/json#review-13865142635,2026-03-19,2,Not able to log in — The app is not letting me login right now.
app_store,https://itunes.apple.com/us/rss/customerreviews/id=1451094657/sortBy=mostRecent/json#review-13857632778,2026-03-17,4,Mobile is hard to work — Calendly on mobile is not good.
app_store,https://itunes.apple.com/us/rss/customerreviews/id=1451094657/sortBy=mostRecent/json#review-13851741537,2026-03-15,5,What an awesome concept this is for the multitude of online calendars that are now deeply imbedded — The concept is timely and thoughtful
app_store,https://itunes.apple.com/us/rss/customerreviews/id=1451094657/sortBy=mostRecent/json#review-13848392789,2026-03-14,5,I cannot recommend Calendly enough — Calendly has truly become an essential part of how I steward my time.
app_store,https://itunes.apple.com/us/rss/customerreviews/id=1451094657/sortBy=mostRecent/json#review-13841131606,2026-03-12,2,"Not really that intuitive for folks that aren’t that techie. — Make them visible, make it for a user to go from one meeting to the next with ease."
app_store,https://itunes.apple.com/us/rss/customerreviews/id=1451094657/sortBy=mostRecent/json#review-13827695799,2026-03-08,5,Amazing app — We can be more efficient we our time. I recommend 100%
app_store,https://itunes.apple.com/us/rss/customerreviews/id=1451094657/sortBy=mostRecent/json#review-13811442357,2026-03-03,5,Great work! — Calendly has been very dependable and efficient when it comes to my meetings.
app_store,https://itunes.apple.com/us/rss/customerreviews/id=1451094657/sortBy=mostRecent/json#review-13802480280,2026-03-01,4,I love it minus one irritation — I can’t override times from the app.
app_store,https://itunes.apple.com/us/rss/customerreviews/id=1451094657/sortBy=mostRecent/json#review-13794617074,2026-02-27,5,Small business game changer — I don’t overbook which has led me to burnout.
app_store,https://itunes.apple.com/us/rss/customerreviews/id=1451094657/sortBy=mostRecent/json#review-13788376463,2026-02-25,3,Meeting Polls Missing — This app for iOS is less capable than its Android counterpart.
app_store,https://itunes.apple.com/us/rss/customerreviews/id=1451094657/sortBy=mostRecent/json#review-13785600904,2026-02-24,5,Love this — Absolutely love this app
app_store,https://itunes.apple.com/us/rss/customerreviews/id=1451094657/sortBy=mostRecent/json#review-13779008814,2026-02-22,1,cant see am/pm — cant be sure if the time I booked the meeting is correct as there's no am/pm option or 24h setting.
app_store,https://itunes.apple.com/us/rss/customerreviews/id=1451094657/sortBy=mostRecent/json#review-13759927821,2026-02-17,5,Great scheduler — I love this scheduler.
app_store,https://itunes.apple.com/us/rss/customerreviews/id=1451094657/sortBy=mostRecent/json#review-13753891969,2026-02-15,5,Reliable — Always reliable and very easy to set up and use.
app_store,https://itunes.apple.com/us/rss/customerreviews/id=1451094657/sortBy=mostRecent/json#review-13732072852,2026-02-09,5,Gracias — Me a ayudado de gran manera gracias
app_store,https://itunes.apple.com/us/rss/customerreviews/id=1451094657/sortBy=mostRecent/json#review-13731073488,2026-02-09,5,Working across the pond — Calendly makes scheduling easy!
app_store,https://itunes.apple.com/us/rss/customerreviews/id=1451094657/sortBy=mostRecent/json#review-13725427273,2026-02-07,5,This app is great and user friendly — This app is great and user friendly
app_store,https://itunes.apple.com/us/rss/customerreviews/id=1451094657/sortBy=mostRecent/json#review-13717895694,2026-02-05,5,Móvil — Muy agradecido
app_store,https://itunes.apple.com/us/rss/customerreviews/id=1451094657/sortBy=mostRecent/json#review-13683411697,2026-01-27,1,Great product when it works. When it doesn’t work don’t expect any help from Customer Support — Customer Support will send you a bunch of unintelligible info on how you can fix the problems yourself
app_store,https://itunes.apple.com/us/rss/customerreviews/id=1451094657/sortBy=mostRecent/json#review-13652794720,2026-01-19,5,amazing — this thing is just flat out so convenient and amazing
app_store,https://itunes.apple.com/us/rss/customerreviews/id=1451094657/sortBy=mostRecent/json#review-13649649163,2026-01-18,1,Great Software; customer service horrible — Easy to use until you need customer service.
app_store,https://itunes.apple.com/us/rss/customerreviews/id=1451094657/sortBy=mostRecent/json#review-13640768356,2026-01-16,1,Calendly has zero phone support — Calendly has zero phone support even for their business accounts.
app_store,https://itunes.apple.com/us/rss/customerreviews/id=1451094657/sortBy=mostRecent/json#review-13639014451,2026-01-15,1,Error messages and glitches — Unhappy this is frustrating I will not upgrade not worth it!
app_store,https://itunes.apple.com/us/rss/customerreviews/id=1451094657/sortBy=mostRecent/json#review-13638541936,2026-01-15,5,Love it! — Very straight forward and easy to use.
app_store,https://itunes.apple.com/us/rss/customerreviews/id=1451094657/sortBy=mostRecent/json#review-13632520099,2026-01-14,5,Agendar — Me encanta porque me facilita el trabajo con mis clientas
app_store,https://itunes.apple.com/us/rss/customerreviews/id=1451094657/sortBy=mostRecent/json#review-13630193179,2026-01-13,1,What happened to the free version? — now it’s only for those who are rich enough to afford it.
app_store,https://itunes.apple.com/us/rss/customerreviews/id=1451094657/sortBy=mostRecent/json#review-13607310031,2026-01-07,5,Consultant — It has completely changed the way I schedule my life and my work.
app_store,https://itunes.apple.com/us/rss/customerreviews/id=1451094657/sortBy=mostRecent/json#review-13598603671,2026-01-05,5,"Functionality at a cost — it is expensive to add people to your team, not a fan of that."
app_store,https://itunes.apple.com/us/rss/customerreviews/id=1451094657/sortBy=mostRecent/json#review-13587697218,2026-01-02,5,Clients are happier — Calendly has allowed me to set up boundaries around my time
app_store,https://itunes.apple.com/us/rss/customerreviews/id=1451094657/sortBy=mostRecent/json#review-13587303160,2026-01-02,3,Not connecting with Zoom properly — The most recent appointments that I’ve scheduled via Calendly have not properly connected with zoom
app_store,https://itunes.apple.com/us/rss/customerreviews/id=1451094657/sortBy=mostRecent/json#review-13573264819,2025-12-30,1,Too complicated 👎👎👎👎 — every update makes it more complex.
app_store,https://itunes.apple.com/us/rss/customerreviews/id=1451094657/sortBy=mostRecent/json#review-13561919754,2025-12-27,5,Love it — It’s easy to use and great communication
app_store,https://itunes.apple.com/us/rss/customerreviews/id=1451094657/sortBy=mostRecent/json#review-13554260484,2025-12-25,5,Great app for managing calls — Does what it supposed to do.
app_store,https://itunes.apple.com/us/rss/customerreviews/id=1451094657/sortBy=mostRecent/json#review-13550687899,2025-12-24,1,Clunky — Very difficult to set up and I’m a tech guy
app_store,https://itunes.apple.com/us/rss/customerreviews/id=1451094657/sortBy=mostRecent/json#review-13546797401,2025-12-23,5,Great Booking Site — I’ve never missed an booking and it’s very easy to navigate
app_store,https://itunes.apple.com/us/rss/customerreviews/id=1451094657/sortBy=mostRecent/json#review-13543318985,2025-12-22,1,Impossible to cancel — Once you buy this they make it impossible to cancel.
app_store,https://itunes.apple.com/us/rss/customerreviews/id=1451094657/sortBy=mostRecent/json#review-13540973894,2025-12-21,5,The best scheduling app! — This is by far the best scheduling app I’ve ever used!
app_store,https://itunes.apple.com/us/rss/customerreviews/id=1451094657/sortBy=mostRecent/json#review-13535420687,2025-12-20,5,Notary — This saves my day by keeping track of appointments
app_store,https://itunes.apple.com/us/rss/customerreviews/id=1451094657/sortBy=mostRecent/json#review-13528043076,2025-12-18,5,"Pays for itself — The time that this has saved my executive assistant and me, easily pays for itself."
app_store,https://itunes.apple.com/us/rss/customerreviews/id=1451094657/sortBy=mostRecent/json#review-13527908721,2025-12-18,5,Keeps me free — Let time to manage clients.
app_store,https://itunes.apple.com/us/rss/customerreviews/id=1451094657/sortBy=mostRecent/json#review-13499221933,2025-12-10,2,"I cannot find the app on my phone — Ever since i got a new iPhone last month, i cannot access the calendly icon."
app_store,https://itunes.apple.com/us/rss/customerreviews/id=1451094657/sortBy=mostRecent/json#review-13497179659,2025-12-10,5,Bigg Vic TV — Works as designed! Perfectly.
app_store,https://itunes.apple.com/us/rss/customerreviews/id=1451094657/sortBy=mostRecent/json#review-13477059589,2025-12-05,2,This app keeps crashing. Errors. — The app was good at first but now it’s very unreliable.
app_store,https://itunes.apple.com/us/rss/customerreviews/id=1451094657/sortBy=mostRecent/json#review-13474314781,2025-12-04,1,"Too many errors — I get a notification, click on it, and it gives me an error."
app_store,https://itunes.apple.com/us/rss/customerreviews/id=1451094657/sortBy=mostRecent/json#review-13474287939,2025-12-04,1,Error messages — It keeps giving me error messages when I try to look at the information.
app_store,https://itunes.apple.com/us/rss/customerreviews/id=1451094657/sortBy=mostRecent/json#review-13474053408,2025-12-04,5,Crashes now — The app crashes when you try to view a meeting
app_store,https://itunes.apple.com/us/rss/customerreviews/id=1451094657/sortBy=mostRecent/json#review-13472969797,2025-12-03,1,"Erro ao checar appointments — Não funciona quando eu tento ver meus appointments, recebi mensagem de erro"
app_store,https://itunes.apple.com/us/rss/customerreviews/id=1451094657/sortBy=mostRecent/json#review-13472521435,2025-12-03,1,Error — I can’t change my appointments I am not able to see future appointments in individual profile
app_store,https://itunes.apple.com/us/rss/customerreviews/id=1451094657/sortBy=mostRecent/json#review-13471359318,2025-12-03,1,App crashed error popping up!!!???? — My app is crashing out not letting me download showing up as an error
app_store,https://itunes.apple.com/us/rss/customerreviews/id=1451094657/sortBy=mostRecent/json#review-13455716976,2025-11-29,5,Appointment Scheduler — Calendly has made my real estate business run so much smoother
app_store,https://itunes.apple.com/us/rss/customerreviews/id=1451094657/sortBy=mostRecent/json#review-13445498729,2025-11-26,1,From good to terrible mobile experience — It was all working seamlessly until mobile app ceased to work.
app_store,https://itunes.apple.com/us/rss/customerreviews/id=1451094657/sortBy=mostRecent/json#review-13445064691,2025-11-26,1,Calendly fall from grace — The calendar app that desires to be a CRM
app_store,https://itunes.apple.com/us/rss/customerreviews/id=1451094657/sortBy=mostRecent/json#review-13440450557,2025-11-25,5,"Very Easy To Book — User friendly, easy to book, easy automations"
app_store,https://itunes.apple.com/us/rss/customerreviews/id=1451094657/sortBy=mostRecent/json#review-13425804195,2025-11-21,1,Customize — This app is too hard to customize that individuals
app_store,https://itunes.apple.com/us/rss/customerreviews/id=1451094657/sortBy=mostRecent/json#review-13409845269,2025-11-17,5,Pain to use — Not a consistently great software
app_store,https://itunes.apple.com/us/rss/customerreviews/id=1451094657/sortBy=mostRecent/json#review-13367560022,2025-11-07,5,Best scheduling app hands-down — Best Scheduling app hands-down. Would highly recommend.
app_store,https://itunes.apple.com/us/rss/customerreviews/id=1451094657/sortBy=mostRecent/json#review-13364897011,2025-11-06,5,Amazing platform!!! — Absolutely game changer for your business bookings.
app_store,https://itunes.apple.com/us/rss/customerreviews/id=1451094657/sortBy=mostRecent/json#review-13364767913,2025-11-06,5,Only issue — sometimes when I cancel a week for a break clients are still able to book an appointment
app_store,https://itunes.apple.com/us/rss/customerreviews/id=1451094657/sortBy=mostRecent/json#review-13363142649,2025-11-06,1,"Clunky, not very intuitive to navigate — I spend way to much time updating settings"
app_store,https://itunes.apple.com/us/rss/customerreviews/id=1451094657/sortBy=mostRecent/json#review-13351201459,2025-11-03,1,"Page error — I paid for this app, and from one day to the next it stopped working."
app_store,https://itunes.apple.com/us/rss/customerreviews/id=1451094657/sortBy=mostRecent/json#review-13347440966,2025-11-02,2,Scheduling — I have not been able to schedule any clients to my calendar for the last week.
app_store,https://itunes.apple.com/us/rss/customerreviews/id=1451094657/sortBy=mostRecent/json#review-13336560151,2025-10-30,2,Error — Lot of errors. Have to constantly use online website instead.
app_store,https://itunes.apple.com/us/rss/customerreviews/id=1451094657/sortBy=mostRecent/json#review-13333763006,2025-10-30,1,"Api error — I’m getting an API error, and customers are receiving messages without my authorization."
app_store,https://itunes.apple.com/us/rss/customerreviews/id=1451094657/sortBy=mostRecent/json#review-13329624632,2025-10-29,1,Owner — The app is not working for booking
app_store,https://itunes.apple.com/us/rss/customerreviews/id=1451094657/sortBy=mostRecent/json#review-13327204382,2025-10-28,5,Great but sometimes has issues — had glitches when reminder emails and texts were not going through.
app_store,https://itunes.apple.com/us/rss/customerreviews/id=1451094657/sortBy=mostRecent/json#review-13295578979,2025-10-21,2,Not what it used to be — The app hardly works these days.
app_store,https://itunes.apple.com/us/rss/customerreviews/id=1451094657/sortBy=mostRecent/json#review-13237285351,2025-10-07,1,Garbage — doesn’t allow you to control your calendar?
app_store,https://itunes.apple.com/us/rss/customerreviews/id=1451094657/sortBy=mostRecent/json#review-13178988899,2025-09-24,4,Too many error messages — I get an error message EVERY time I try to reschedule a meeting.
app_store,https://itunes.apple.com/us/rss/customerreviews/id=1451094657/sortBy=mostRecent/json#review-13125589916,2025-09-11,1,Don’t support a terrible company with manipulative leadership — Find a different product. This place is run by sharks.
app_store,https://itunes.apple.com/us/rss/customerreviews/id=1451094657/sortBy=mostRecent/json#review-13104098274,2025-09-05,1,Useless and overpriced — Got rid off it they still charged me.
app_store,https://itunes.apple.com/us/rss/customerreviews/id=1451094657/sortBy=mostRecent/json#review-13099241137,2025-09-04,1,The app is not necessarily the problem — DO NOT USE CALANDLY
app_store,https://itunes.apple.com/us/rss/customerreviews/id=1451094657/sortBy=mostRecent/json#review-13088949410,2025-09-01,5,Coaching — This is by far the BEST app I’ve ever downloaded to assist in scheduling my coaching calls!!!
app_store,https://itunes.apple.com/us/rss/customerreviews/id=1451094657/sortBy=mostRecent/json#review-13061504407,2025-08-25,2,The free version is more reliable than the paid. — I do not recommend upgrading your account. Use the free version--it is more reliable.
app_store,https://itunes.apple.com/us/rss/customerreviews/id=1451094657/sortBy=mostRecent/json#review-12937878132,2025-07-26,1,I don’t recommend! — I missed an extremely important consultation due to Calendly’s time zone issues.
app_store,https://itunes.apple.com/us/rss/customerreviews/id=1451094657/sortBy=mostRecent/json#review-12841539871,2025-07-01,1,"Do NOT use the app, desktop only — The app has so many little bugs, endless frustration, and features/settings are hard to find."
app_store,https://itunes.apple.com/us/rss/customerreviews/id=1451094657/sortBy=mostRecent/json#review-12815684204,2025-06-25,2,Profile — It won’t let me change my profile picture which is very frustrating
app_store,https://itunes.apple.com/us/rss/customerreviews/id=1451094657/sortBy=mostRecent/json#review-12774809091,2025-06-14,1,App doesn’t save changes — The iOS app doesn’t save all the changes you make.
app_store,https://itunes.apple.com/us/rss/customerreviews/id=1451094657/sortBy=mostRecent/json#review-12770614227,2025-06-13,3,"Good but… — The features are always there, they are just buried somewhere deep"
app_store,https://itunes.apple.com/us/rss/customerreviews/id=1451094657/sortBy=mostRecent/json#review-12759610252,2025-06-10,1,Lost my entire book of business — Calendly quite literally ruined me and my family’s lives in less than 30 seconds.
app_store,https://itunes.apple.com/us/rss/customerreviews/id=1451094657/sortBy=mostRecent/json#review-12757207209,2025-06-10,2,"DARK MODE — Seriously, it’s 2025 and you should have Dark Mode."
app_store,https://itunes.apple.com/us/rss/customerreviews/id=1451094657/sortBy=mostRecent/json#review-12735531269,2025-06-04,1,Can’t get signed up — Nothing but server error messages.
app_store,https://itunes.apple.com/us/rss/customerreviews/id=1451094657/sortBy=mostRecent/json#review-12695934024,2025-05-25,1,Software Updates — I can no longer use the app because it is no longer supports on my old software.
app_store,https://itunes.apple.com/us/rss/customerreviews/id=1451094657/sortBy=mostRecent/json#review-12658144947,2025-05-15,2,Login to the app — I can’t login to the app via email because i can’t click on the email input box to enter the email
app_store,https://itunes.apple.com/us/rss/customerreviews/id=1451094657/sortBy=mostRecent/json#review-12642080986,2025-05-10,3,App is lacking — Totally disappointed that you can’t do some basic things.
app_store,https://itunes.apple.com/us/rss/customerreviews/id=1451094657/sortBy=mostRecent/json#review-12636881481,2025-05-09,1,"Too many bugs — Meetings page with refresh multiple times, error message when trying to load meetings page."
app_store,https://itunes.apple.com/us/rss/customerreviews/id=1451094657/sortBy=mostRecent/json#review-12569474759,2025-04-21,1,Can’t Log In — it will not allow me to log in.
app_store,https://itunes.apple.com/us/rss/customerreviews/id=1451094657/sortBy=mostRecent/json#review-12541827509,2025-04-14,2,Fix Notification — Great app but the ONLY thing they seriously need to fix is notifications.
trustpilot,https://www.trustpilot.com/reviews/6abb81785f30edcd080a2a7b,2026-09-29,1,"No support on fraud and scam invites — I received fraud and scam invites on a daily base. Reported the issue to Calendly, but nothing changed."
trustpilot,https://www.trustpilot.com/reviews/6ab38df3311a87c1cd1ae412,2026-09-23,2,good product worst customer service ever — There are better options on the market.
trustpilot,https://www.trustpilot.com/reviews/6aad8658441640c6d49f9c50,2026-09-18,1,2 Support agents closed my chat — Their support team just doesn't want to help.
trustpilot,https://www.trustpilot.com/reviews/6a901bf6a8b79452e3d63dbd,2026-08-27,3,Annoying Capture Feature — the capture feature when scheduling multiple appointments is annoying and time consuming
trustpilot,https://www.trustpilot.com/reviews/6a82365c6a67cd52cffe368f,2026-08-17,1,They kept charging me even though I paused my service five months ago — I paused my service five months ago. They kept charging me anyway.
trustpilot,https://www.trustpilot.com/reviews/6a7e34217cf2663be6451f60,2026-08-13,1,I HAVE BOOKED TWO APPOINTMENTS WITHIN A… — I HAVE BOOKED TWO APPOINTMENTS WITHIN A WEEK AND TWICE RECEIVED NOT ONE RESPONSE WHAT A TOTAL WASTE OF TIME
trustpilot,https://www.trustpilot.com/reviews/6a7965471aea33f3a8fe4230,2026-08-10,2,"AI ""support"" resulted in a week of lost work and Kafkaesque experience — recently technical support has been substandard."
trustpilot,https://www.trustpilot.com/reviews/6a6ce2f56789516dfda9f0b3,2026-07-31,2,It's been a long journey with Calendly… — Their support is mostly AI-driven and doesn't help.
trustpilot,https://www.trustpilot.com/reviews/6a5b288347cbd292f4d7f6f5,2026-07-18,1,Calendly knew I couldn't cancel. They charged me anyway. For 8 months. — Calendly continued charging my personal debit card every single month for 8 consecutive months
trustpilot,https://www.trustpilot.com/reviews/6a59c4634bb555d00d361353,2026-07-17,1,Shifty scammers — I got an email from these people only to discover that they are trying to scam me.
trustpilot,https://www.trustpilot.com/reviews/6a56687d50f9333a14688e72,2026-07-14,2,My app has stopped working — My app has stopped working
trustpilot,https://www.trustpilot.com/reviews/6a551fbe5ab2135bcec17278,2026-07-13,1,Calendly does not provide any option to… — Calendly does not provide any option to speak over the phone.
trustpilot,https://www.trustpilot.com/reviews/6a53147936d98c0a2369f51d,2026-07-10,3,"I used to love it — I used to love it, but not as much now."
trustpilot,https://www.trustpilot.com/reviews/6a472c6e511c12b652cd4aae,2026-07-03,2,Too Invasive — The permission flow should be much clearer and more transparent.
trustpilot,https://www.trustpilot.com/reviews/6a3d517355fadadb8bf8deb5,2026-06-25,1,Customer service for victims of hacking… — They are slow and do not use common sense !
trustpilot,https://www.trustpilot.com/reviews/6a3d42fd4394948c63f5250b,2026-06-25,1,Really bad customer support and refund… — Really bad customer support and refund team
trustpilot,https://www.trustpilot.com/reviews/6a3a58b6fe70bdcd6c5efff5,2026-06-23,1,expensive and need to pay for 2… — expensive and need to pay for 2 standard packages just to add a person to help manage your meetings.
trustpilot,https://www.trustpilot.com/reviews/6a36adb8f099533e367acbb1,2026-06-20,1,Worked great until I tried to cancel… — took THREE YEARS to get them to cancel my subscription.
trustpilot,https://www.trustpilot.com/reviews/6a25c81d54c8f4ab668cd1ff,2026-06-07,1,They refuse to fix bugs — The Calendly support agents kept repeating like parrots that since everything worked on their end
trustpilot,https://www.trustpilot.com/reviews/6a22de59bafea0ed6d69da27,2026-06-05,2,Unable to get ahold of an actual person… — Unable to get ahold of an actual person for a billing issue. Frustrated with the bot.
trustpilot,https://www.trustpilot.com/reviews/6a21fb150480a515347f0688,2026-06-05,1,"Chatbot emails — Chatbot emails, cannot stand these companies that swap human email support for a robot."
trustpilot,https://www.trustpilot.com/reviews/6a1fe49bb6746ea91e800f1e,2026-06-03,1,"Customer support is not helpful — It's impossible to contact them directly, like calling, which makes the communication challenging."
trustpilot,https://www.trustpilot.com/reviews/69dbc491b6179f3f2fe2335c,2026-04-12,1,This company relies on you forgetting… — This company relies on you forgetting about your renewal.
trustpilot,https://www.trustpilot.com/reviews/69c4070e33fe43baa09f5136,2026-03-25,1,Unavailable times showing as available — Unavailable times on my linked calendar are showing up as available on my calendly
trustpilot,https://www.trustpilot.com/reviews/69bd65c73c2b63e1cfe33b4c,2026-03-20,1,I no longer have access to my old email… — I no longer have access to my old email / domain and calendly support refused to recover my account
trustpilot,https://www.trustpilot.com/reviews/69b959b9014894f847e89851,2026-03-17,3,Team Access is ridiculously bad — I have paid for 2 people on my account and can only have a call with 1 person if we are to both host.
trustpilot,https://www.trustpilot.com/reviews/69b506afb9fbc9f6fcd527d7,2026-03-14,1,CALENDLY TRIPLE CHARGED ME & I HAD TO DISPUTE THE CHARGES WITH MY BANK. KEEP A EYE OUT ON YOUR BANK STATEMENTS WITH CALENDLY! — My account was charged three times in one billing cycle!!!
trustpilot,https://www.trustpilot.com/reviews/69ae13b2ff5047c12240bcc0,2026-03-09,1,DO NOT USE THIS SERVICE!!! — Their cancellation on their website doesn't work and they will keep taking money from you!!
trustpilot,https://www.trustpilot.com/reviews/69acdcdd958d13e87525b23d,2026-03-08,1,Paid for a Feature I Can't Use Due to Undisclosed Country Requirement — I wasn't informed that I needed to have a company registered in my country for the feature to be enabled.
trustpilot,https://www.trustpilot.com/reviews/69a90aa5afa82a3a3b148682,2026-03-05,1,Booking problems — In one year of using this program I have experienced: booking blocks
trustpilot,https://www.trustpilot.com/reviews/699f64874ce0f1854601db3c,2026-02-25,1,Calendly is VERY UNETHICAL in their ways — I requested a refund because their calendar wasn't syncing with my calendar and they hadn't notified me..
trustpilot,https://www.trustpilot.com/reviews/698ba75d80c7aed8e75a6455,2026-02-10,1,"Can't login all day. — Opened a support incident - no help at all, still waiting for a response."
trustpilot,https://www.trustpilot.com/reviews/698347e1ad1f206f5eb938f3,2026-02-04,2,Was using this thing for a year — some stupid bug with the country code that prevents people from entering in their phone number.
trustpilot,https://www.trustpilot.com/reviews/697fc7d278a57ab7e3cdfd33,2026-02-01,1,"Highly not recommended, get acuity instead. — I still have not received anything and the whole practice is super shady."
trustpilot,https://www.trustpilot.com/reviews/697a6ccb65c454f3f7c73401,2026-01-28,1,STAY AWAY! THERE IS ZERO CUSTOMER SERVICE FOR THIS DIFFICULT APP! — The only thing that customer service could do was read from a script.
trustpilot,https://www.trustpilot.com/reviews/69720e6a53bd4570b56ce5f6,2026-01-22,2,Scammy practices — Good service but they go through A LOT of effort to hide the unsubscribe options to users
trustpilot,https://www.trustpilot.com/reviews/6971f0d87d834b9deb7c060c,2026-01-22,1,I asked for a refund beause they… — I asked for a refund because they charged a blocked account and no reply by email. Quite sad.
hacker_news,https://news.ycombinator.com/item?id=34516412,2023-01-25,,I’m just not up for paying $30 a month for a custom username
hacker_news,https://news.ycombinator.com/item?id=34510305,2023-01-24,,All these other scheduling tools end up trying to do too much and always seem to end up a bit clunky
hacker_news,https://news.ycombinator.com/item?id=31388945,2022-05-15,,I do think paying $12/month (as Calendly and Cal charge) for multiple meeting types is a bit much.
